"id","value","nword"
"28481",-0.142667803786587,295
"28482",-0.109718836239865,271
"28483",0.0118386890137475,1051
"28484",-0.0648439268434974,297
"28485",-0.130139445358028,168
"28486",0.113405821764325,1195
"28487",-0.1458349077108,1596
"28488",0.0635805378205475,1378
"28489",0.0245958898690333,1290
"28490",0.0372649039535414,150
"28491",-0.0706020785028603,1264
"28492",-0.0405920873515462,180
"28493",-0.0197691097641059,1618
"28494",0.000358834090858026,210
"28495",-0.034755724780019,321
"28496",0.0457911405357446,863
"28497",-0.0763898894616956,2406
"28498",-0.0966888883899697,659
"28499",-0.170659689266241,2089
"28500",-0.0990037534532503,369
"28501",-0.00723066717327665,628
"28502",0.0485268626731029,5368
"28503",0.0680645327836235,642
"28504",-0.0054830019021659,1562
"28505",0.0539583851276277,258
"28506",0.0229093763504319,1494
"28507",0.0373829178948831,1490
"28508",-0.0206305157913752,220
"28509",0.0232981419551132,1056
"28510",-0.0381856043579709,1635
"28511",-0.00285788990729563,1152
"28512",-0.016547242226318,253
"28513",-0.037900923471599,162
"28514",-0.0196760452519493,111
"28515",-0.0941159778375653,1333
"28516",-0.0876986409606448,744
"28517",-0.128995893899213,560
"28518",0.0553305765866471,1497
"28519",-0.0404240718238785,163
"28520",-0.0656164060574978,656
"28521",0.0986942046561106,1162
"28522",-0.0477233333333333,900
