"id","value","nword"
"40933",-0.0278289111181312,1823
"40934",0.0400087093805674,1232
"40935",0.00106039892269443,1988
"40936",0.0179917819726524,1574
"40937",0.0217246675502204,1432
"40938",-0.0456062926235848,629
"40939",0.115079240274225,1271
"40940",-0.151721849233667,602
"40941",0.00524963987919266,281
"40942",-0.041105484366742,3065
"40943",-0.149827643493519,363
"40944",-0.215791293873236,1306
"40945",0.00480065359096013,1506
"40946",0.0836574692573483,1415
"40947",-0.0459675135291183,2013
"40948",0.0113232083894765,622
"40949",-0.0757947739601757,491
"40950",0.0332837336440393,348
"40951",-0.0100377186880375,226
"40952",-0.134006883278276,470
"40953",0.0601750966224494,426
"40954",-0.0113886767467497,286
"40955",0.010676958219601,277
"40956",-0.00727461651597838,220
"40957",0.139474798030735,168
"40958",0.114044209958409,663
"40959",0.0279729551580691,799
"40960",-0.101027657301469,565
"40961",-0.0259912927207805,777
"40962",0.108369059158309,875
"40963",-0.173421535022395,378
"40964",-0.0735840758904329,641
"40965",-0.0896782206573813,365
"40966",0.0427255045512565,1499
"40967",-0.109634929178973,816
"40968",-0.0611934957437057,839
"40969",-0.0814166776458413,539
"40970",-0.0609889876059228,696
"40971",0.0213131531458368,1006
"40972",-0.0825157863064702,489
"40973",-0.0626527668730631,635
"40974",-0.0635650470422185,1168
"40975",-0.154386126490147,950
"40976",0.0827145445635345,204
"40977",-0.031059431109883,644
"40978",0.00419400621983838,930
"40979",0.0121246287209803,296
"40980",0.0129517576317299,233
"40981",0.0148576962432413,879
"40982",0.117325389488974,1174
"40983",-0.077999944000268,1424
"40984",-0.0246488341112004,217
"40985",-0.0875472583789146,1192
"40986",-0.043878325026,3471
"40987",-0.0631170342471085,823
"40988",-0.0264544892220583,150
"40989",0.0577515874063494,171
"40990",-0.0170647242002347,133
"40991",-0.0824435897435897,1521
"40992",-0.0789408581845238,187
"40993",0.0155566443577485,245
"40994",0.0257597660595987,1096
"40995",0.0283171427799706,226
"40996",0.0900217016082798,1244
"40997",-0.149356744377042,330
"40998",-0.0640831058758036,702
