"id","value","nword"
"232",NA,0
"233",NA,0
"234",-0.0781880121772318,282
"235",NA,0
"236",NA,0
"237",NA,0
"238",NA,0
"239",NA,0
"240",NA,0
"241",NA,0
"242",NA,0
"243",NA,0
"244",NA,0
"245",0.0591510492363988,326
"246",NA,0
"247",NA,0
"248",-0.138853356399236,264
"249",NA,0
"250",NA,0
"251",NA,0
"252",NA,0
"253",NA,0
"254",NA,0
"255",-0.138291832730642,710
"256",NA,0
"257",NA,0
"258",NA,0
"259",-0.0119308198716567,242
"260",-0.212207506068775,451
"261",NA,0
"262",0.00312484081786358,365
"263",NA,0
"264",NA,0
"265",NA,0
"266",NA,0
"267",NA,0
"268",NA,0
"269",NA,0
"270",NA,0
