"id","value","nword"
"39330",-0.186679924954325,420
"39331",-0.167125938482853,4022
"39332",-0.0225482702829646,621
"39333",-0.245925597106148,1032
"39334",-0.0207389081253335,303
"39335",-0.205950453318487,1684
"39336",-0.0408150082288283,823
"39337",0.0155648647804847,1599
"39338",-0.0447070493231131,1389
"39339",-0.289582886839071,1994
"39340",-0.034595892097184,280
"39341",-0.284374151242227,38
"39342",-0.100914235413498,55
"39343",-0.0906192913140147,2108
"39344",0.000394131711265717,103
"39345",-0.0636901067404986,857
"39346",0.0708418239770141,738
"39347",-0.0964923636644455,562
"39348",-0.102078594719951,780
"39349",0.0588674768865075,303
"39350",-0.166434877941008,420
"39351",0.0165791426173012,532
"39352",-0.183090755578552,609
"39353",-0.119805195444817,727
"39354",-0.0297550514406038,661
"39355",-0.0241691334882875,884
"39356",0.0497955822953104,620
"39357",-0.0856044190706133,489
"39358",-0.0304632258736765,444
"39359",0.00212040786086141,695
"39360",-0.122191264854787,411
"39361",-0.0504452678135038,335
"39362",0.0331300324244168,578
"39363",-0.0260618401536638,738
"39364",-0.240025140496106,741
"39365",-0.0879580648745218,323
"39366",-0.139419410071776,756
"39367",-0.0243250019952896,367
"39368",0.0635720501345729,403
"39369",-0.0128874223066619,283
"39370",0.0605176086836738,1316
"39371",0.00115470053837925,48
"39372",-0.102556390055194,2012
"39373",0.0723812659625242,231
"39374",0.0607347047411939,250
"39375",0.129587610412628,334
"39376",-0.121907674288456,238
"39377",-0.0727858085875304,1465
"39378",-0.0934544794326489,219
"39379",0.0673962521260489,627
"39380",-0.328347193544613,1322
"39381",-0.067233003742058,1381
"39382",-0.176010940683555,516
"39383",-0.104499900698229,862
"39384",0.0414184072150707,377
"39385",0.0136542060942548,497
"39386",0.0172581579574199,2114
"39387",-0.216091917958448,1293
"39388",-0.0778603133506521,648
"39389",-0.0355051672456374,526
"39390",-0.214056069686652,165
"39391",-0.0742277041721396,150
"39392",-0.0297784919289121,141
"39393",-0.000492469609000874,95
"39394",-0.0765572019534424,234
"39395",-0.0972158756098418,119
"39396",0.00518283509876756,118
"39397",-0.0299760408528225,119
"39398",-0.00747433125474298,231
"39399",0.00115470053837925,108
