"id","value","nword"
"7716",0.0196071881566727,197
"7717",-0.0296984874964108,564
"7718",-0.081399395984655,312
"7719",0.0602758589239016,710
"7720",0.0045643150417597,461
"7721",-0.150627270321957,379
"7722",-0.00702240204166514,230
"7723",-0.0856149996739899,863
"7724",-0.000221438467068782,943
