"id","value","nword"
"7716",-0.06479169770047,198
"7717",-0.0601441279491237,568
"7718",-0.0396556551737725,314
"7719",-0.0049848847158437,714
"7720",-0.0271055384571818,465
"7721",-0.0723370009515647,375
"7722",-0.0295749286884416,231
"7723",-0.105969884059035,855
"7724",-0.104682596686308,939
