"id","qdap_value","qdap_nword","sent_nneg","sent_npos","sent_negv","sent_posv","sent_nwords","sent_val","posextind","negextind","valuext"
"5754",0.0428755289460631,2728,72,76,-19.7387,9.9556,2734,-9.7831,9.0964,-12.902,-3.8056
"5755",-0.0128230359119828,160,2,6,-0.654,0.4998,164,-0.1542,0.4838,-0.5944,-0.1106
"5756",0.0072403682455264,532,6,23,-1.9559,1.873,536,-0.0829,1.8017,-1.8908,-0.0891000000000002
"5757",0.0201676555704968,157,5,6,-1.202,0.6838,161,-0.5182,0.5909,-0.9836,-0.3927
"5758",-0.0923277726458249,920,19,34,-3.8677,1.4307,923,-2.437,1.2268,-3.6869,-2.4601
"5759",0.0364868703738402,930,26,27,-6.4196,1.9653,934,-4.4543,1.2897,-4.7743,-3.4846
