"id","value","nword"
"5754",0.0359165455942339,2716
"5755",-0.0128632967203483,159
"5756",0.00728847753388214,525
"5757",0.0202321922332728,156
"5758",-0.0925291420729226,916
"5759",0.0364281625797803,933
