"id","value","nword"
"13431",-0.0352950585736185,983
"13432",-0.0989845014606416,170
"13433",-0.196886090701251,1394
"13434",-0.0760001752511601,937
"13435",-0.0929777689394415,1209
"13436",0,23
"13437",0.000712696645099798,126
"13438",0.00239261004228558,803
"13439",0.00399064695981676,152
"13440",-0.0225351304028339,880
"13441",-0.124157822706145,575
"13442",-0.00856867705802275,1033
"13443",-0.00364187665225488,836
"13444",-0.133027983630597,1138
"13445",-0.0206419124012117,599
"13446",0.00324829663133014,587
"13447",-0.00528917512714006,763
"13448",-0.00319432498678705,132
"13449",0.132349960845942,2781
"13450",-0.0856877175160692,2428
"13451",0.00493669693989664,686
"13452",0.00389097526650969,610
"13453",0.086319159859234,602
"13454",-0.10780829075519,180
"13455",-0.04507708646461,145
"13456",0.0137013385880533,804
"13457",-0.0267027508210007,142
"13458",0.0651986588533773,215
"13459",-0.0271801781560045,331
"13460",-0.038801731962532,486
"13461",-0.0118943654654026,285
"13462",-0.0391842454004853,1541
"13463",0.011031599794674,134
"13464",-0.146171960759276,303
"13465",-0.0227534612751555,175
"13466",0.0108860269734321,1243
"13467",0.00280380100580055,4992
"13468",0.117209518454957,1192
"13469",0.184613646193871,482
"13470",-0.325557599230408,96
"13471",0.0163365090348673,419
"13472",0.0122598261741205,1486
"13473",0.0156883305526673,689
"13474",-0.148597559777148,679
"13475",-0.0994654145261994,1386
"13476",-0.00277300319909834,353
"13477",0.00787646828776527,930
"13478",0.136098140364998,370
"13479",0.00648753912777613,305
"13480",-0.0867163833122195,141
"13481",0.0286848431866063,831
"13482",-0.149994651763391,538
"13483",-0.0529052449306916,170
"13484",-0.0763219006323154,155
"13485",0.121630165877174,1146
"13486",-0.110857387825579,1194
"13487",0.0952215202215678,992
"13488",-0.00179590477826714,146
"13489",-0.209275370865909,846
