"id","value","nword"
"7691",0.0494304856195775,722
"7692",0.121660686139043,1399
"7693",0.023722846593089,313
"7694",0.0310260791743463,1012
"7695",-0.0803941185763982,1611
"7696",-0.0023379787377804,332
"7697",0.00288632811968283,1382
"7698",-0.0881655347433887,633
"7699",-0.023953461152336,2125
"7700",0.0536299495558378,282
"7701",-0.137437983274747,1261
"7702",-0.02441435228589,1138
"7703",-0.0313394541421433,469
"7704",0.0062,400
"7705",-0.0696993724882264,396
"7706",-0.107495877515517,763
"7707",-0.00313011497560058,668
"7708",-0.0728682303461652,1769
"7709",0.0735747401211919,1292
"7710",0.0599398098524927,1242
"7711",0.147118548779712,929
"7712",-0.0114170198101384,907
"7713",-0.00124884757002789,316
"7714",0.0830275834054052,1498
"7715",-0.00798047963980502,1013
