"id","value","nword"
"684",-0.0536801068031423,494
"685",0.0869347826086957,529
"686",0.0551807579039754,2100
"687",-0.0646820551010026,1436
"688",-0.114454876908621,382
"689",-0.0608368901969029,1812
"690",0.00253178673501311,894
"691",0.0113267655433305,1109
"692",-0.0190522918945529,1498
"693",-0.0837629943790232,673
"694",-0.0131506937835215,1660
"695",0.0307246269741831,370
"696",-0.139129253267222,2654
"697",-0.052074325580034,1768
"698",0.0469349451269954,864
"699",-0.0240662160989984,1106
"700",-0.2766,400
"701",-0.0103914787078746,417
"702",-0.115648279847039,380
"703",0.00181818181818182,121
"704",0.123502140702216,934
"705",0.0290474495854358,1747
"706",0.00173635199487618,2263
"707",-0.100517574136468,1177
"708",0.0723755005622252,490
"709",0.0396492120210338,720
"710",-0.120741856531506,664
"711",0.046725852588952,2432
"712",0.0153897048193501,1317
"713",0.074076757714681,537
"714",0.0152454982664164,1150
"715",0.0919006578273024,704
"716",0.0706829876055201,171
"717",0.0578282989339007,1891
"718",0.00130120056226003,1240
"719",0.201693440339355,1757
"720",-0.150296786503836,1438
"721",0.0213462213091475,335
"722",-0.126302588263595,192
"723",0.0870131044571541,1631
"724",-0.00808251696316006,870
"725",0.0368996755182423,1462
"726",0.0590206653791614,189
