"id","value","nword"
"30574",0.0207541836666785,1031
"30575",-0.126811786088317,792
"30576",0.119033716247023,1342
"30577",0.153521323895921,357
"30578",0.0206572546455604,295
"30579",0.109853106701395,770
"30580",-0.0397476477750525,1370
"30581",-0.0699104642084186,1028
"30582",-0.0161118833890893,908
"30583",0.160826023094215,372
"30584",0.029343364829039,1059
"30585",0.0504993815814308,561
"30586",0.033790435149984,918
"30587",-0.0243223257672094,358
"30588",0.0987615898618865,674
"30589",-0.0228145435550684,674
"30590",-0.0418357142857143,784
"30591",-0.146573951160826,1051
"30592",0.0361993449242427,754
"30593",-0.0250175990456465,458
"30594",-0.0858891227653186,447
"30595",-0.0514392950727963,232
"30596",-0.0141520629053341,2216
"30597",-0.0537533393653035,1554
"30598",0.00782444291049913,1589
"30599",0.0398081929641906,687
"30600",-0.0100370637277972,1450
"30601",-0.0108357990504993,207
"30602",-0.109486374574455,653
"30603",-0.0435192834059686,284
"30604",0.0181249281490483,245
"30605",0.0263000586211381,587
"30606",0.0117118060505707,414
"30607",-0.0295227618559087,1713
"30608",0.0180759664577107,142
"30609",0.0589750407727836,3789
"30610",0.00353808013613651,181
"30611",-0.151242378303178,1462
"30612",0.0223068414149795,230
"30613",0.123769037817308,1044
"30614",0.0161473597308468,137
"30615",0.0126196717842434,1380
"30616",0.0146905434005851,581
"30617",0.0322218064675163,133
"30618",-0.00224897189054464,287
"30619",0.00220844272086393,187
"30620",0.124375725753755,657
"30621",0.124760673047874,1372
"30622",-0.060107046008482,149
"30623",0.007029026027591,1160
"30624",-0.0610644516608245,226
"30625",-0.146297918633319,281
"30626",-0.110852577393041,797
"30627",-0.0140732414045834,1553
"30628",-0.0905636465992599,956
"30629",0.0635167774718473,588
"30630",0.0792326795420829,674
"30631",-0.0120289742045696,1352
"30632",0.0225413301773465,1194
"30633",-0.0593190077310304,1041
