"id","value","nword"
"4429",-0.174999059447339,483
"4430",-0.0140386417846562,950
"4431",0.0260976835535204,1796
"4432",0.0373230978542847,311
"4433",0.00214061945605219,1208
"4434",0.00862730859142053,1345
"4435",0.00169541325538248,1333
"4436",-0.0161591590453412,380
"4437",0.0554901055223351,2739
"4438",-0.0573554927207083,829
"4439",0.0178050687747639,1350
"4440",-0.0491003618890371,1302
"4441",0.062517270730544,1139
"4442",-0.0696619027540341,1280
"4443",-0.0303458583911434,963
"4444",-0.0551032480043672,1078
"4445",0.11535267410698,1041
"4446",-0.0851331137620581,170
"4447",0.0103706321479586,897
"4448",3.68345479081494e-05,597
"4449",-0.0889721099682437,318
"4450",-0.0438779956344597,1114
"4451",0.0185344723870594,216
"4452",-0.03822492156238,942
"4453",-0.0233377775879602,918
"4454",-0.122980937844427,1286
"4455",-0.103183741025464,1199
"4456",-0.0635892581007465,2085
"4457",-0.100357741607601,173
"4458",-0.00762103975278835,162
"4459",0.0171986169281842,1155
