"id","value","nword"
"1243",0.148379379646202,2004
"1244",-0.00364040359445131,587
"1245",-0.026401825269818,1891
"1246",0.0320396698369757,564
"1247",0.0361635758685549,1102
"1248",0.0470981818563861,474
"1249",0.0890230305481841,2811
"1250",0.0609987601215273,1100
"1251",-0.0289777850261118,2558
"1252",-0.0353997931140563,1390
"1253",0.000744081861833189,339
"1254",-0.0701957762262089,630
"1255",-0.0136950411572529,696
"1256",0.0347944304112088,356
"1257",0.0547338564499963,1313
"1258",0.0132490058691865,2300
"1259",-0.032756657654432,261
"1260",0.0521774193548387,961
"1261",-0.0772768380368251,264
"1262",-0.010698114598531,2180
"1263",-0.122396810428361,527
"1264",-0.115416603066819,1131
"1265",0.0721061370061803,827
"1266",-0.0639913805835663,1635
"1267",-0.0222833061215637,984
"1268",-0.0567276668569981,1219
"1269",-0.045256950525651,522
"1270",0.026143020248095,325
"1271",0.138004616053394,807
"1272",-0.0215390383548146,1443
"1273",-0.0970593076102262,2121
"1274",-0.0620419702831739,757
"1275",0.0834252917085919,1109
"1276",0.00978802275077005,809
