"id","value","nword"
"32984",-0.0363713617673728,1343
"32985",-0.0155424801039862,663
"32986",-0.0436868553029392,754
"32987",-0.147514266888238,357
"32988",-0.0150661610403649,518
"32989",-0.0243054168925896,1395
"32990",-0.174240950201652,8876
"32991",-0.190847255411125,1323
"32992",0.0413095547391034,926
"32993",-0.025916620941977,419
"32994",-0.0985009986284347,1815
"32995",-0.070552160250536,231
"32996",-0.115101621905969,312
"32997",-0.00898782308767933,166
"32998",0.0173450333409326,826
"32999",-0.0455159794023196,945
"33000",-0.00539124812769318,1357
"33001",-0.0424314613334385,303
"33002",-0.0559819379451381,343
"33003",-0.129082342905604,32
"33004",0.0100322894700353,1512
"33005",-0.0362900917928274,446
"33006",-0.00372119864389411,858
"33007",0.0528709692593289,689
"33008",-0.0741558814746447,1648
"33009",-0.0908725475884399,211
"33010",-0.0251726818802343,621
"33011",-0.0867866379129369,692
"33012",0.0238061423542981,261
"33013",0.0251693539212192,1380
"33014",-0.0684060364468548,304
"33015",-0.179908659887286,205
"33016",-0.215664479055157,861
"33017",-0.275451801010273,406
"33018",-0.0304196188041719,293
"33019",-0.102318405072249,605
"33020",-0.176090168102383,1505
"33021",0.0596328865251997,1558
"33022",-0.0421497730157852,939
"33023",0.054111904926405,997
"33024",0.00280457223953096,1399
"33025",-0.103968881487159,5647
"33026",-0.154812168204707,264
"33027",0.141830917188855,1076
"33028",-0.0161928648231849,1506
"33029",-0.0865002657163101,258
"33030",-0.0613631587327952,1498
"33031",-0.0487134137322097,1237
"33032",-0.0163560963430732,1192
"33033",-0.00605867538217385,1741
"33034",-0.052558853291912,219
"33035",0.0428024998765299,463
"33036",0.0320138921040952,1474
"33037",-0.0117537855778399,244
"33038",-0.0750541324899072,1259
"33039",0.0265217797372556,927
"33040",-0.130828239881592,1067
"33041",0.0413207801670563,902
"33042",-0.0391665685155812,448
"33043",-0.00964511346804282,1506
"33044",-0.0242925368886176,132
"33045",-0.0395149388210649,923
"33046",-0.0336879612724468,980
"33047",-0.033861731084826,1048
"33048",0.0273828920157811,1690
"33049",-0.0619499172825025,382
"33050",-0.013878730920892,157
"33051",0.0315334220734635,1057
"33052",0.15751517446143,1724
"33053",-0.0325584312665841,1272
"33054",0.0884278383532325,2635
"33055",0.0228588235294118,1156
"33056",-0.0209788186329511,397
"33057",0.0699466666666667,900
"33058",-0.0213310545657942,162
