"id","value","nword"
"8036",0.0969995118869487,1110
"8037",0.0131158515663311,329
"8038",-0.0848617451296658,871
"8039",0.081358935403078,1157
"8040",0.0594352004567439,750
"8041",0.0324840934610424,561
"8042",-0.0721775589264324,795
"8043",0.0173330198009174,179
"8044",0.031746792512656,884
"8045",-0.0169041521748463,693
"8046",0.0180189500976173,519
"8047",0.00385384615384616,676
"8048",0.0468902281061612,736
"8049",-0.162733780382292,418
"8050",-0.0504684210526316,361
"8051",-0.0964260887374264,611
"8052",-0.00203479642121047,681
"8053",-0.00892427204756485,475
"8054",0.0766026079975292,692
"8055",0.0455073205073433,992
"8056",-0.0176462362326699,173
"8057",0.049092798229988,1272
"8058",-0.0982619047619048,441
"8059",-0.0510077506917393,999
"8060",-0.0719717311049007,1406
"8061",0.053377222735702,344
"8062",-0.0137316979799209,85
"8063",0.0612,1369
"8064",-0.161435098181936,2227
"8065",0.0580720512363412,1276
"8066",-0.0138248242019535,1917
"8067",-0.0360104154152983,544
"8068",-0.0219808587166256,627
"8069",-0.14360174189948,687
"8070",0.102329687444859,5190
"8071",-0.0848344641199613,1428
"8072",-0.140662317362027,877
"8073",0.00071817242100876,1445
"8074",0.0471966052203416,1207
"8075",-0.0162023229591125,947
"8076",-0.0388714613558136,315
"8077",-0.00682652600423028,199
"8078",-0.0101161465515596,380
"8079",-0.187319989018028,560
"8080",-0.0297335388632657,1728
"8081",-0.0688883003123925,1149
"8082",0.05036875,1024
"8083",-0.0116808098883636,341
"8084",-0.02523621421844,1114
"8085",0.000671345086637351,142
"8086",0.031109375,1024
"8087",-0.285901420200902,439
"8088",0.0293150543883702,145
"8089",-0.0051938121296443,1388
"8090",-0.0630362935226625,93
"8091",0.0101534864570768,940
"8092",-0.0256767439665331,498
"8093",0.000275371356328606,211
"8094",0.0713554946871455,1270
"8095",-0.0149664492425504,1297
"8096",-0.00588567483168235,214
