"id","qdap_value","qdap_nword","sent_nneg","sent_npos","sent_negv","sent_posv","sent_nwords","sent_val","posextind","negextind","valuext"
"7716",0.0195576123803547,198,5,6,-1.0416,0.1299,202,-0.9117,0.1099,-0.5709,-0.461
"7717",-0.0295937306003327,568,12,17,-3.587,0.838,571,-2.749,0.782,-3.0362,-2.2542
"7718",-0.0811397481270102,314,8,18,-3.1963,2.4936,318,-0.7027,1.8756,-3.1432,-1.2676
"7719",0.0601067818477219,714,15,22,-3.1455,2.4693,718,-0.6762,2.4173,-2.669,-0.2517
"7720",0.00454464117844965,465,9,13,-1.9448,1.3683,469,-0.5765,1.3283,-1.843,-0.5147
"7721",-0.0727501191751601,375,4,8,-2.1296,0.032,379,-2.0976,0,-2.1296,-2.1296
"7722",-0.00700718555132154,231,3,7,-1.2127,0.7632,235,-0.4495,0.3716,-1.2127,-0.8411
"7723",-0.086014605110979,855,24,29,-3.9,2.465,861,-1.435,1.9635,-3.6068,-1.6433
"7724",-0.000221909613276042,939,17,29,-8.0718,3.0484,943,-5.0234,2.5852,-6.6637,-4.0785
