"id","value","nword"
"12567",0.00243386391993107,3988
"12568",0.0764375961196025,736
"12569",-0.0944563600337197,610
"12570",-0.0112772847318001,2657
"12571",0.0474206566687882,1090
"12572",-0.0306079414576229,1171
"12573",0,21
"12574",0.0871040311252421,277
"12575",0.0768867483972111,885
"12576",0.11714029031629,1430
"12577",-0.0379923269411593,1015
"12578",-0.0802665127092239,640
"12579",-0.0209173495300823,176
"12580",-0.0292289587923614,187
"12581",0.00713027582449188,108
"12582",-0.108858007612328,347
"12583",0.00819481543416324,222
"12584",-0.0025466240628815,153
"12585",-0.0281083333333333,144
"12586",0.0167691287239653,696
"12587",-0.104681476088992,1316
"12588",0.0358679914756876,128
"12589",-0.00273269029152215,1273
"12590",-0.0921907087034644,2518
"12591",-0.129237814109388,4542
"12592",0.0400614728058708,474
"12593",0.0946042746539034,953
"12594",-0.0343781303765173,1515
"12595",-0.147767645276005,1565
"12596",0.0488044179871744,823
"12597",0.026758532047332,509
"12598",0.0282591191895986,449
"12599",-0.0440707624765349,475
"12600",-0.0687514758342142,1409
"12601",0.0646376006475776,103
"12602",0.0240385782188627,589
"12603",-0.0158193973757957,147
"12604",0.0454918791899693,886
"12605",0.0420984736482985,546
"12606",0.00496403465520288,689
"12607",-0.0462089362651236,411
"12608",0.0219921352742546,1293
"12609",0.110921706179389,916
"12610",-0.145284671236172,158
"12611",-0.0161748486597763,672
"12612",-0.0240510912789446,603
"12613",0.0549560313516188,1427
"12614",-0.0466837151691317,813
"12615",-0.0427595757264555,509
"12616",-0.188836278311654,1516
"12617",0.0460194312741316,365
"12618",0.0089559701713104,936
"12619",-0.0200189786495925,162
"12620",-0.0223557913850238,142
"12621",0.0329517473874929,866
"12622",0.0588508582870867,213
