"id","value","nword"
"39161",-0.0536526393971975,308
"39162",-0.114950815211586,730
"39163",0.00033218191941496,145
"39164",0.0156738985688154,903
"39165",-0.022740277005023,807
"39166",-0.267629656870956,2246
"39167",0.0827032091275786,450
"39168",-0.10941720646304,570
"39169",0.0206438129411806,549
"39170",-0.0581403000297375,2088
"39171",-0.0369345442039773,162
"39172",-0.0881574133474065,5764
"39173",0.000375096886708754,860
"39174",-0.105906582681716,470
"39175",0,77
"39176",0,53
"39177",-0.0386580587399922,1533
"39178",0.0664299233981876,595
"39179",0.0907798230806584,1357
"39180",-0.10702,900
"39181",-0.0711955775059818,390
"39182",-0.00872556343321958,678
"39183",-0.00996672015704445,421
"39184",0.060148007604508,149
"39185",-0.0815028238010189,626
"39186",-0.0206308829993613,480
"39187",-0.0695450049603286,442
"39188",0.0704692087937763,768
"39189",-0.257886863975176,347
"39190",-0.096836592161204,387
"39191",-0.0218546099378408,327
"39192",-0.0779538333459833,675
"39193",-0.0723695490288391,916
"39194",-0.0159725072541533,1498
"39195",0.000357770876399966,125
"39196",-0.0883660427828262,1901
"39197",-0.0120667336345036,165
"39198",0.0169688065124301,938
"39199",-0.375715675308272,1642
"39200",-0.17002201771109,229
"39201",0.0322700794044861,1534
"39202",-0.0963134360118217,367
"39203",0.00642172481645863,131
"39204",0.0943388367367252,291
"39205",-0.0222769753308935,843
"39206",-0.195196219488401,156
"39207",-0.0112511496654487,564
"39208",0.14576410182816,757
"39209",-0.00198242914538091,395
