"id","qdap_value_ampl","qdap_nword"
"315","-2.88996","1926"
"316","3.20408","758"
"317","0.00376000000000004","368"
"318","-6.28278","722"
"319","-2.03654","548"
"322","-3.23294","608"
"323","-4.9939","779"
"324","0.6016","537"
"325","1.62964","885"
"326","-6.15474","1866"
"327","1.93134","1640"
