"id","value","nword"
"41238",-0.127016126813048,102
"41239",0,79
"41240",-0.0607422884746455,394
"41241",0.00145111161082226,269
"41242",-0.0544949440763939,271
"41243",0.120547565824626,2012
"41244",0.0323739824881929,1687
"41245",-0.0189672774618319,1509
"41246",-0.152749402749479,248
"41247",-0.0709982619689692,612
"41248",-0.100208648244669,377
"41249",-0.00332205298513375,111
"41250",-0.0548431160908125,894
"41251",-0.0982558277657466,1619
"41252",0.0453974670825712,5139
"41253",-0.174005208935659,1056
"41254",-0.119134551360692,369
"41255",-0.0202249079575974,581
"41256",-0.0218331249140257,262
"41257",0.137792828812069,994
"41258",0.0328218513104452,836
"41259",-0.0671495889799604,563
"41260",0.0181773354789462,219
"41261",0.0264687736102558,594
"41262",0.00460053328887598,214
"41263",0.0709155819671487,1366
"41264",-0.184917501098164,1808
"41265",0.0147864376177001,4174
"41266",-0.0140929458644876,1478
"41267",0.0280109511974977,1491
"41268",0.00659551372389227,312
"41269",-0.0710155483064506,316
"41270",0.128491032495092,834
"41271",-0.0198013333649606,528
"41272",-0.0499422174053684,504
"41273",-0.0547213013543886,584
"41274",-0.0657055240425482,1360
"41275",-0.03082856595308,188
"41276",-0.010782706743016,408
"41277",0.00416911398865295,655
"41278",-0.101113339668383,669
"41279",0.0314344669108574,331
"41280",0.0107706552535279,891
"41281",-0.0461862483438791,194
"41282",-0.0995372836207674,915
"41283",-0.0209613897343278,641
"41284",0.0441216790534993,160
"41285",-0.1634163065647,601
"41286",-0.0177840544475267,513
"41287",-0.256672527020653,173
"41288",-0.0112231717845563,265
"41289",-0.0647166666666667,900
"41290",0.001898315991505,111
"41291",0.000610696029369579,139
"41292",-0.0786510605210808,1797
"41293",-0.0381135756500152,897
"41294",0.011678719774668,565
"41295",-0.0628672843112266,1729
"41296",-0.0671238488081377,2030
"41297",0.0268911349536933,1596
"41298",0.0303512794897788,960
