"id","value","nword"
"5893",-0.0904558286486976,1087
"5894",-0.0866925790880916,673
"5895",0.0677404899684405,1168
"5896",-0.0354704825725359,672
"5897",-0.0703404288302986,528
"5898",-0.0264108011264565,1586
"5899",0.0478734156285221,1157
"5900",0.00318847946110452,314
"5901",0.0266772384915154,467
"5902",0.00336585211625841,1366
"5903",-0.0170748745152905,1463
