"id","value","nword"
"16796",0.0777534264956071,437
"16797",-0.00859842672947919,1125
"16798",0.0968111077553499,2582
"16799",0.208766293719217,623
"16800",0.00727417430187545,1257
"16801",0.0262847983633126,272
"16802",0.0457398562551694,2874
"16803",0.0861700385505696,662
"16804",0,21
"16805",0.0012810252304407,39
"16806",0.0430088931443575,362
"16807",-0.0859877754181809,117
"16808",0.017991266399747,510
"16809",-0.0903779184070602,177
"16810",0.118056290502763,374
"16811",-0.0856785798433719,2092
"16812",-0.0493974671763731,465
"16813",-0.00573823080902812,181
"16814",-0.0433239192617429,404
"16815",0.00440551164094851,259
"16816",-0.0246762879945341,333
"16817",0.137997498649781,1774
"16818",-0.048593740191104,309
"16819",-0.0102087885555394,403
"16820",0.0131902780483193,1246
"16821",-0.1564626833481,164
"16822",-0.00752491905469162,236
"16823",0.0826667384597765,227
"16824",0.107452911946184,140
"16825",-0.0888341346359048,745
"16826",-0.107714750101768,1674
"16827",-0.0385382025792033,448
"16828",0.0309697515486283,1047
"16829",-0.0972587083809579,472
"16830",0.157819051913428,715
"16831",-0.050012510556072,297
"16832",-0.116698595017258,481
"16833",0.00251542212855983,132
"16834",-0.213485397688195,575
"16835",-0.0326146752413065,730
"16836",-0.0752517243261012,427
"16837",0.0146021635409493,1305
"16838",-0.222352715400741,434
"16839",-0.0473510333927475,1321
"16840",-0.195155052242017,924
"16841",-0.00860193016795528,153
"16842",0.0652314826058491,514
"16843",0.0464605653654603,179
"16844",0.0933046277156865,743
"16845",-0.0528558639409212,136
"16846",0.0659945212586484,177
"16847",-0.0356474666531561,660
"16848",-0.0450307692307692,169
"16849",-0.100491568370949,271
"16850",-0.0373777314897621,530
"16851",-0.00737611469641748,1088
"16852",-0.0322365701423935,110
"16853",-0.0039389829388027,179
"16854",0.0406994073790552,159
"16855",0.02485,144
