"id","value","nword"
"49780",0.0818337072954508,1239
"49781",0.094480647769955,528
"49782",0.0760116191365257,1001
"49783",-0.0337611797792922,2230
"49784",0.0515765103872032,1349
"49785",-0.0402143824691745,671
"49786",0.0166898810409919,991
"49787",0.0295739153746716,1275
"49788",0.0313051337669351,1207
"49789",-0.0522934110154937,1448
"49790",0.0647404555683848,797
"49791",-0.0225545841032209,231
"49792",0.0741564178808899,1470
"49793",0.0440705723827143,714
"49794",-0.0152557786628115,460
"49795",0.00295029966304463,5110
"49796",-0.0814945225002869,653
"49797",0.0301755296895867,1358
"49798",-0.0482321507453635,2216
"49799",-0.0318274132642091,1157
"49800",-0.0717751064499307,1424
"49801",-0.0135606473815746,216
"49802",-0.100085624967699,2288
"49803",0.0157136363636364,484
"49804",-0.0377801402584164,1655
"49805",0.0570206444978604,1049
"49806",-0.0466551806593109,748
"49807",0.0651986463504441,2381
"49808",-0.0321387433779065,247
"49809",-0.0106442672613907,846
