"id","value","nword"
"55987",-0.113046013793914,980
"55988",-0.15565587895582,456
"55989",0.0551069344632908,1434
"55990",0.0124704536799474,307
"55991",-0.0240672974840164,391
"55992",-0.351823912680734,1236
"55993",0.0334507691397964,364
"55994",-0.00284399161185266,555
"55995",-0.2958875,576
"55996",0.0123107460055479,244
"55997",0.0638308968958843,409
"55998",-0.124648377518132,782
"55999",-0.0520373995543681,924
"56000",-0.249216772900899,1049
"56001",0.00710432654768926,1422
"56002",0.0266213549744146,1217
"56003",0.109066786955131,2034
"56004",0.0277108483477581,1102
"56005",-0.157998500572955,1593
"56006",-0.0523009890656866,1076
"56007",0.116906727035218,414
"56008",-0.0114884516166429,511
"56009",0.0591568181818182,1936
"56010",-0.0911832793127638,915
"56011",0.0769171064951455,637
"56012",0.0658252132056589,1462
"56013",0.0395333675902384,281
"56014",0.00868660431099818,974
"56015",-0.0202938518042444,380
"56016",-0.119951602974178,642
"56017",0.0597672357434117,842
"56018",-0.021169967543036,388
"56019",0.0771997463135412,2034
"56020",0.0639861675748013,3119
"56021",0.0206285995688431,1398
"56022",-0.10906008043307,708
"56023",-0.152756647385272,515
"56024",-0.12771553991681,1123
"56025",0.012994309349546,212
