"id","value","nword"
"28768",0.0529131389971584,1472
"28769",-0.160124768211101,337
"28770",-0.1348849467165,3226
"28771",0.0427664689290764,266
"28772",-0.0159632345165393,626
"28773",-9.29981109950595e-05,666
"28774",0.0110672561585293,214
"28775",0.0294536559192326,1872
"28776",0.0515285458795649,865
"28777",0.0372468492913382,1276
"28778",-0.0553732146478142,231
"28779",0.0481369353654888,1962
"28780",0.0721711325293722,367
"28781",0.101400560650273,527
"28782",0.144983866927115,1348
"28783",0.0701496949493905,1072
"28784",-0.1362125,256
"28785",0.0781151417856806,731
"28786",0.0366451206146857,222
"28787",0.0401716388813051,4488
"28788",-0.157930007320704,617
"28789",0.0590364616954964,168
"28790",-0.0760867591815509,756
"28791",-0.0792813713402093,202
"28792",0.060651115666842,1176
"28793",0.0652369300894577,779
"28794",-0.0235086270204921,597
"28795",0.00102899151085505,136
"28796",-0.0689907076182399,831
"28797",-0.0461962705638966,1256
"28798",-0.147820672607048,288
