"id","value","nword"
"4142",-0.0446266398999975,445
"4143",0.0533184137033845,1034
"4144",0.0173220897850273,1168
"4145",-0.025655218797982,636
"4146",-0.049047910298559,537
"4147",0.0294279503758397,319
"4148",0.0637383370547489,2932
"4149",0.0919509019645431,473
"4150",-0.140988521352252,1535
"4151",0.131374149920694,2042
"4152",-0.0947422784619695,387
"4153",0.103675522351837,1967
"4154",-0.12424617615507,664
"4155",0.000596296587490791,316
"4156",-0.0975287821960438,2002
"4157",0.0376581209551127,1814
"4158",0.107604452557842,1246
"4159",-0.0103521904457702,1412
"4160",0.0205090463846215,1403
"4161",-0.0341457812637147,201
"4162",0.0733850775693278,1461
"4163",-0.110698429998316,782
"4164",0.0534623951761817,543
"4165",-0.0254944720899033,840
"4166",-0.0257592559484102,191
"4167",-0.0399484480461005,774
"4168",-0.113735268283128,1742
"4169",0.01393516014368,1113
"4170",-0.00433810010257947,800
"4171",-0.0118639343840102,1953
"4172",0.0689139335713953,1415
"4173",0.0919651104509569,1714
"4174",-0.0274148546669549,1560
"4175",0.0145283111871899,1287
"4176",-0.112665483562805,236
"4177",0.0128540925274424,321
"4178",0.0231885028983474,1350
"4179",-0.0367663763359479,2341
"4180",0.0474707044345799,1279
