"id","value","nword"
"51042",-0.0769150191993648,1345
"51043",-0.0697387616736467,1414
"51044",0.0590844046542819,758
"51045",0.0166606105462885,2241
"51046",-0.115125777856058,586
"51047",0.0187592633991928,817
"51048",-0.0956922050807042,530
"51049",-0.202495687960133,1046
"51050",-0.161564457157604,938
"51051",0.041616155314704,1070
"51052",-0.0458122533333171,1397
"51053",0.0933111577154362,882
"51054",-0.00207930430077651,1098
"51055",0.0758125173899991,1459
"51056",0.0446903715876091,902
"51057",-0.0572597073635859,641
"51058",0.00842945003585505,215
"51059",-0.100052810700733,917
"51060",0.0782374780586195,1332
"51061",-0.0473290132402586,1578
"51062",-0.000124434203367651,837
"51063",-0.00972880036883499,1466
"51064",-0.0851174274785594,1585
"51065",-0.104469632771579,2100
"51066",0.00538309107704608,811
"51067",-0.0330703700553892,1041
"51068",-0.0232417136181564,262
"51069",0.0522473205231664,1351
"51070",0.0357498302109367,722
"51071",0.00730178281622174,867
"51072",-0.136859391465111,1118
"51073",0.0167664624880279,2141
