"id","value","nword"
"53017",0.137614521074058,1379
"53018",0.0577338741574236,1110
"53019",0.246352610576217,1323
"53020",0.00281442711754986,1000
"53021",-0.00203678296548377,330
"53022",-0.0795268254689133,454
"53023",0.124526235602356,1336
"53024",0.0186993520145957,1110
"53025",-0.0155067065348761,1106
"53026",0.0949654787441734,836
"53027",-0.05446719748307,482
"53028",-0.0574160928109464,468
"53029",0.0306016273129861,1380
"53030",-0.0420304788906681,1393
"53031",-0.0983481159060445,573
"53032",-0.0478541960299189,309
"53033",0.00051766305129308,721
"53034",-0.0571467808210118,2139
"53035",0.152454903484405,337
"53036",-0.0957693374634769,1107
"53037",-0.0524367295167199,664
"53038",-0.0476995888509028,631
"53039",-0.00492962828819384,2259
"53040",-0.0593148803069707,1355
"53041",0.00906467937597653,1247
"53042",-0.0528140236798604,401
