"id","value","nword"
"6955",0.0746903814217271,1300
"6956",0.0334948130612975,1243
"6957",0.049267484390471,2202
"6958",-0.521892649097203,2535
"6959",-0.004381566688877,379
"6960",-0.0748165151840626,1059
"6961",0.183869236876717,1847
"6962",0.0862814177473855,433
"6963",-0.0702767729265337,1203
"6964",-0.0499924690328453,375
"6965",-0.100755373142684,1612
"6966",0.0865679934507695,757
"6967",0.00876582877418676,610
"6968",-0.00126031620895904,262
"6969",-0.000493552738873791,1405
"6970",0.00227597553485805,1083
"6971",-0.0179933923466808,904
"6972",0.0102061863714911,641
"6973",-0.0606344153639714,490
"6974",-0.0334854169141882,747
"6975",0.0342180424992023,1207
"6976",-0.172650273336351,308
"6977",-0.238595029357064,2065
"6978",-0.150691873913397,1297
"6979",0.110931525612997,723
"6980",0.0187576874651727,584
"6981",-0.0651613854506344,1456
"6982",-0.0176571518258384,1415
"6983",-0.0181327796086281,764
"6984",-0.156293983242049,1371
"6985",-0.0465921667236028,192
"6986",0.147457268812543,764
