"id","value","nword"
"24898",0.00727606875109,425
"24899",-0.256466455299226,2496
"24900",0.0267567861255021,2443
"24901",0.0438338752038263,585
"24902",-0.00702214783315641,839
"24903",0.0387230224940952,2161
"24904",-0.109335756809571,403
"24905",-0.0322515151515151,1089
"24906",0.0230508214345882,949
"24907",-0.0769545832429497,458
"24908",-0.0678675241432405,192
"24909",0.0601929926456258,836
"24910",-0.0210101247070593,485
"24911",0.0195468029192245,573
"24912",-0.08275610618422,1318
"24913",-0.0107396169326143,1194
"24914",0.0248459293685217,582
"24915",0.0146912630007141,187
"24916",-0.0217604890621998,4051
"24917",0.0864272676176878,939
"24918",0.0165924854243348,1013
"24919",0.200201189804406,1333
"24920",0.0364029025968375,1093
"24921",0.0266001828724978,922
"24922",0.05325704748478,103
"24923",0.0748686169847096,891
"24924",0.0348759800651859,138
"24925",-0.0337230924377162,247
"24926",0.0465023240041512,1437
"24927",-0.063085781473925,91
"24928",-0.0895904254302162,730
"24929",-0.0628745088047799,477
"24930",-0.0988640188451907,180
"24931",0.119212164277526,358
"24932",-0.0665719236820393,88
"24933",0.0806545454545455,121
"24934",-0.0952702551252378,86
"24935",-0.0230230661084424,267
"24936",0.0617048741939629,707
"24937",-0.178874497340138,457
"24938",-0.0657822841467444,476
"24939",0.0678417169697488,285
"24940",0.0315379084285847,964
"24941",-0.032917109460554,105
"24942",0.00132687745236133,265
"24943",-0.00421223574979635,843
"24944",0.0629056487639418,1547
