"id","value","nword"
"51140",-0.130557454330311,1453
"51141",-0.247282875678082,497
"51142",-0.104914312238888,4666
"51143",-0.152995326328875,2551
"51144",-0.111989210789849,513
"51145",-0.0375658009398512,1584
"51146",-0.0347594248864664,781
"51147",0.00327467422745196,1034
"51148",0.159625480041761,807
"51149",-0.0670596171590707,1420
"51150",0.0212035944373026,844
"51151",0.123863748954586,708
"51152",0.0395072347839573,1456
"51153",-0.0454819343001966,1254
"51154",0.0516525057960749,738
"51155",-0.103777618783172,1834
"51156",-0.0157705089747891,2121
"51157",-0.0192389379280856,1365
"51158",-0.0347618552650696,313
"51159",0.0237382735690709,799
"51160",0.0051305574896924,645
"51161",-0.0298335398147669,1226
"51162",-0.0164841866372263,220
"51163",-0.0144605847493673,974
"51164",-0.020265572727071,1370
"51165",0.0646687480556796,1405
"51166",0.0233899027805447,192
"51167",-0.0160562072196808,782
"51168",-0.310543024602866,695
"51169",-0.1097991250198,704
"51170",-0.0975154795952097,936
"51171",0.0568417376429271,1743
"51172",0.064317690253173,644
