"id","value","nword"
"6191",-0.0233526315789474,361
"6192",-0.00101774212994364,1045
"6193",-0.0118375909332378,1159
"6194",-0.177175492284004,1135
"6195",0.00315905292526342,312
"6196",-0.0379614778981685,807
"6197",0.00445387768486271,454
"6198",0.0326339650491228,1593
"6199",-0.00377420155081843,1658
"6200",0.044380625176786,1469
"6201",0.0138601018842729,1056
"6202",0.0675800206035971,184
"6203",0.00259229627936314,1050
"6204",-0.0692012245539686,173
"6205",-0.0701228142101642,701
"6206",0.0606708790030787,322
"6207",-0.00831270443816635,1507
"6208",-0.0712666656294346,481
"6209",-0.0533895592337667,995
"6210",0.0273999497868545,447
"6211",-0.0453474585836957,720
"6212",-0.0769033171736284,884
"6213",-0.0728945657485821,1646
"6214",-0.140612334538399,189
"6215",0.10758945674334,1547
"6216",-0.111533316688013,875
"6217",-0.0217778422451669,1618
"6218",-0.00371954120299964,1133
"6219",0.0857437383299253,860
"6220",0.0512599139074208,1786
