"id","qdap_value","qdap_nword","sent_nneg","sent_npos","sent_negv","sent_posv","sent_nwords","sent_val","posextind","negextind","valuext"
"328",-0.0303465654772653,1489,35,40,-9.6052,5.6138,1484,-3.9914,2.3439,-8.0763,-5.7324
"329",-0.0423351983850136,583,11,32,-4.4907,1.9715,583,-2.5192,1.8675,-4.119,-2.2515
"330",0.0268702232368314,562,8,20,-1.9793,0.789,562,-1.1903,0.721,-1.9601,-1.2391
