"id","value","nword"
"51231",0.0922456378901601,1895
"51232",-0.123411129802979,638
"51233",0.0292716905809867,904
"51234",-0.0426395350403075,776
"51235",0.104668487874447,1198
"51236",-0.035892298850705,1370
"51237",-0.0505819846307977,1519
"51238",0.0367401795157519,1530
"51239",-0.0170853368254721,482
"51240",-0.0218758077081344,1859
"51241",-0.0599169843508385,1095
"51242",0.169101578599646,695
"51243",0.0181443659233424,1355
"51244",-0.0450605263157895,1444
"51245",-0.0300611000940299,651
"51246",0.00479888334221252,1141
"51247",-0.196302065589314,1058
"51248",0.0365911232818877,528
"51249",-0.0265832269235312,777
"51250",-0.0573769988758562,487
"51251",0.0655402928814242,1109
"51252",0.00232296192719802,2222
"51253",0.0176027791019157,1227
"51254",0.159241473887891,835
"51255",-0.0778184292577833,619
"51256",0.0648492423372651,1217
"51257",-0.0382332910622999,2233
"51258",-0.0236856541654616,4877
"51259",-0.00902808237375184,1054
"51260",0.0418687942658159,1109
"51261",-0.0468207548270976,1768
"51262",-0.224538614052128,888
"51263",-0.105273255192222,1654
"51264",-0.113971954913325,813
"51265",-0.0780158090980974,1300
