"id","value","nword"
"7934",-0.0909838795410282,333
"7935",-0.0970375673656831,481
"7936",-0.0609548764022271,1262
"7937",-0.0894239379965632,364
"7938",0.0194783494887913,1174
"7939",-0.057555004747012,875
"7940",0.000919474217050644,670
"7941",-0.143623611865868,541
"7942",-0.0982850189349828,661
"7943",-0.0522510776027981,1943
"7944",0.0218904693411329,321
"7945",-0.309501779564186,927
"7946",-0.0656691708490369,176
"7947",0.0503123971276511,909
"7948",0.0734090716922826,238
"7949",-0.219939992546668,280
"7950",-0.0311124307536076,711
"7951",-0.206269899504794,326
"7952",0.0255670355907861,955
"7953",-0.0402318725297675,171
"7954",0.0706339906008795,780
"7955",0.0368291859909235,557
"7956",0.03887159879693,746
"7957",0.0921243193279614,189
"7958",0.199903693641507,257
"7959",-0.0691965333379404,177
"7960",0.104687219169314,1094
"7961",-0.0460819773899446,478
"7962",-0.132748970912134,859
"7963",-0.00752029980060032,165
"7964",0.000568386000013728,1724
"7965",-0.0309786651390671,516
"7966",-0.00393092611159085,211
"7967",-0.177669920998424,435
"7968",-0.0767862464276607,356
"7969",-0.0132898815089087,768
"7970",0.158758671736317,1791
"7971",0.0298634763921119,162
"7972",-0.000140329283089125,130
"7973",-0.0272117709124283,84
"7974",0.104863676509274,1536
"7975",-0.17215058806344,340
"7976",0.0371979059597742,770
"7977",-0.0113715638958671,434
"7978",-0.0546655579564596,1094
"7979",-0.0399870834008405,329
"7980",-0.042270859133863,940
"7981",-0.118027272727273,484
"7982",-0.0585239847536363,374
"7983",0.0184370020512259,1501
"7984",0.136061114441045,2021
"7985",0.127836609852442,474
