"id","value","nword"
"3437",0.0149417077213292,378
"3438",-0.0600399835223097,1030
"3439",-0.0749902053826235,1262
"3440",-0.168060248358109,243
"3441",0.0743900699215811,851
"3442",-0.0500891635494619,885
"3443",0.0130136203655368,1365
"3444",0.029649093972477,962
"3445",0.0157249904926814,1181
"3446",-0.00982720964195226,1378
"3447",-0.0153398343484079,869
"3448",-0.0205746262858097,547
"3449",0.0385384022799648,342
"3450",-0.0780449506800252,349
"3451",0.0202561777648841,263
"3452",-0.0495642489966083,542
"3453",0.0642179785161903,680
"3454",0.119822373992915,527
"3455",0.0858721176493658,1306
"3456",0.0151002575401143,954
"3457",-0.195826984058861,229
"3458",0.0431833301673696,2302
"3459",0.0769906632765276,466
"3460",-0.017002,900
"3461",-0.011963321236651,1327
"3462",-0.245993988870879,660
"3463",0.109074220594865,986
"3464",0.133796063085133,1199
"3465",-0.219661949596321,219
"3466",0.0179955934553993,1915
"3467",-0.11729418262747,593
"3468",0.108112888408788,878
"3469",-0.124448839713918,1824
"3470",-0.0255926579940797,1243
"3471",-0.0254047106960743,1542
"3472",0.040988764530466,203
"3473",-0.07499485001045,356
"3474",0.0680661860384301,1584
"3475",-0.0299832755592374,1478
