"id","value","nword"
"57579",0.0421768622916162,752
"57580",0.0177002290564815,497
"57581",0.0249539952271042,671
"57582",-0.0625587687680797,1577
"57583",-0.24607704552915,1081
"57584",-0.0213136022555855,613
"57585",-0.09507,676
"57586",-0.0542290094049205,1540
"57587",-0.0350776291385607,1364
"57588",-0.034280172233134,768
"57589",-0.0945731209209569,548
"57590",0.102307458538502,2121
"57591",-0.108670487897848,1832
"57592",0.21611396995033,1300
"57593",-0.00309798945443554,776
"57594",0.101791903204839,2747
"57595",-0.0465421252572253,1006
"57596",-0.176808461046221,527
"57597",-0.114397569087678,653
"57598",0.00828867782549103,211
"57599",-0.0916347859712675,375
"57600",-0.0424146716548024,915
"57601",-0.060875,400
"57602",-0.000683249416791089,981
"57603",0.0467559633674784,1449
"57604",-0.102517043996674,652
"57605",-0.10855839840323,5539
"57606",-0.042908516657343,923
"57607",0.137491783427531,843
"57608",0.0506156396402384,336
"57609",0.00492334343897179,1262
"57610",-0.10110330764517,262
"57611",0.0488916263280329,320
"57612",0.0363243646123865,1718
"57613",-0.183682215120081,634
"57614",-0.0287940960404263,4215
"57615",0.160572659401806,798
"57616",0.0330181260115751,1249
