"id","value","nword"
"30634",-0.0356518518518519,729
"30635",-0.0625178176752973,372
"30636",0.00343722932818651,396
"30637",-0.020092370268218,1035
"30638",-0.0639972191297249,355
"30639",0.162787516837197,768
"30640",-0.106091268266436,672
"30641",0.03336992096407,1686
"30642",0.0620905459716182,634
"30643",-0.0511627198999723,238
"30644",-0.0240898555068295,1265
"30645",0.115975278250368,1059
"30646",-0.0755928946018454,252
"30647",0.0673637369732871,644
"30648",0.113221953801203,851
"30649",-0.0311968734154798,1908
"30650",0.0263239508946183,2022
"30651",-0.0263218197233472,465
"30652",0.0523910053080291,597
"30653",-0.0745296223156301,239
"30654",-0.1518244299994,224
"30655",0.041299337375876,1046
"30656",-0.00759545768493308,1330
"30657",-0.0268257929620743,363
"30658",0.0726629998007312,1461
"30659",0.0351385438859078,4902
"30660",-0.00595101886660266,454
"30661",-0.0195540031946318,1710
"30662",-0.00937857073930347,1543
"30663",-0.10023906917037,253
"30664",-0.0179132375380902,885
"30665",0.0252379526159555,2561
"30666",0.00980419574604032,1597
"30667",-0.0887849421566361,1903
"30668",-0.12918429207408,910
"30669",-0.0940309181031539,177
"30670",-0.0496612530701469,177
"30671",0.0891944914932199,1068
"30672",-0.0750363511088463,163
"30673",-0.0117085896684857,2563
"30674",0.0909632453246914,180
"30675",-0.0238168226990558,230
