"id","value","nword"
"19968",-0.140822979448617,993
"19969",-0.115653611434481,222
"19970",-0.215405882352941,1156
"19971",-0.0768041390928439,1439
"19972",0,16
"19973",-0.0212930644069081,1176
"19974",-0.03183673237267,1420
"19975",-0.14727683606015,1073
"19976",0,10
"19977",-0.0060751112536468,1161
"19978",-0.111927228039502,1556
"19979",-0.0864521553948413,232
"19980",-0.167393278103215,3140
"19981",-0.149767343425938,714
"19982",-0.196111666105451,738
"19983",-0.104125607202114,718
"19984",-0.039368794788892,1278
"19985",-0.00479714710227397,187
"19986",0.00904541212546341,770
"19987",0.00289896588724912,622
"19988",-0.106344978452559,1407
"19989",-0.0482384615384615,169
"19990",0.0230754198228331,590
"19991",-0.0841338389540312,686
"19992",0.0289385423272518,612
"19993",-0.0186829101373619,2157
"19994",-0.0252967025535575,481
"19995",0.158220123347947,701
"19996",-0.0335311425214977,532
"19997",-0.222483284415397,244
"19998",-0.162027599284617,157
"19999",0.0643648174628859,1502
"20000",-0.0979043979044469,62
"20001",-0.0764608835756671,792
"20002",-0.103311617019905,142
"20003",0.00277490861129644,764
"20004",-0.00249020242311907,370
"20005",-0.064633748216011,142
"20006",-0.000526868447950514,83
"20007",0.0424719562011913,1243
"20008",0.0204825603433603,629
"20009",0.0692592112908013,218
"20010",0.0766487080243707,421
"20011",0.0108423914157765,310
"20012",-0.0941379372991466,113
"20013",-0.0070656546177481,141
"20014",0.0630246089502611,120
"20015",-0.087939732339073,817
"20016",-0.123742642756503,220
"20017",0.0350353536529402,358
"20018",-0.147342857142857,441
"20019",-0.140340942461328,889
"20020",-0.00243942233993902,1523
"20021",-0.0977251864742584,140
