"id","value","nword"
"26532",0.00308810260661435,323
"26533",0.0184486220264891,278
"26534",-0.0852503965204849,2058
"26535",-0.085852041653144,1214
"26536",-0.055165,400
"26537",-0.0562162207642198,348
"26538",0.000280658566178249,130
"26539",0.106240841440059,277
"26540",0.0461931439081347,544
"26541",0.0365165807243577,1767
"26542",0.0177407460994443,776
"26543",0.0661590160343655,1366
"26544",-0.00818065877716736,2039
"26545",0.095408385150064,929
"26546",0.0625242728728281,1160
"26547",0.0481386441809885,865
"26548",-0.0455719271966277,1167
"26549",0.0426109407654807,2367
"26550",-0.0392645560299687,2082
"26551",0.0193986031473027,541
"26552",0.165660002332829,1078
"26553",0.0930690159701312,1269
"26554",-0.070312613439218,1017
"26555",-0.118763969984308,1430
"26556",-0.0755190042307233,450
"26557",0.0138695964143874,596
"26558",-0.0396296523358746,183
"26559",-0.024253027475413,1033
"26560",-0.0795428847318467,1134
"26561",-0.00463046564842156,132
"26562",-0.0603768358836463,212
"26563",0.0414915746776471,468
"26564",0.0220404837509663,342
"26565",0.0266415346052028,732
"26566",-0.0734834040220421,240
"26567",0.107537514294095,977
"26568",0.0403960894525968,418
"26569",0.0177955587651724,884
"26570",0.000277475190247718,133
