"id","value","nword"
"145",-0.175385871590995,951
"146",0.0828570896019001,333
"147",0.00899850126677602,519
"148",-0.123195725785645,864
"149",0.0515189810651012,2183
"150",0.0383170839041663,1517
"151",-0.00576632174075558,536
"152",0.0359568733547148,1783
"153",0.00708411187275025,1560
"154",-0.0941382030575281,502
"155",-0.0259160984966936,1240
"156",0.000373525810487677,836
"157",0.033337904560772,318
"158",-0.0409698541435756,447
"159",-0.0210945144711257,1165
"160",-0.0942726259313911,605
"161",0.00884414405808564,233
"162",-0.216153493613035,357
"163",-0.0571252228064945,694
"164",-0.27453871159103,543
"165",-0.0662799331157975,665
"166",-0.0101878284886952,1314
"167",0.10616358702467,1448
"168",-0.0473461282513112,5544
"169",0.158226695594766,1378
"170",-0.0780614512188273,601
"171",-0.130175746493756,605
"172",0.167685836604259,1631
"173",0.0169709877713191,2221
"174",0.0341097428854352,829
"175",-0.0439011142918443,305
"176",-0.076078114475253,1185
"177",0.0476057799544474,1333
"178",-0.179190807861675,651
"179",0.0349801394477831,1348
"180",-0.0300925908553957,328
"181",0.118853832194557,461
"182",-0.151819386201865,599
"183",-0.0353167036383968,3400
"184",-0.0144691010299667,780
"185",-0.0852343880185744,999
"186",0.0386290568856456,1338
"187",0.0421456770292651,1756
