"id","value","nword"
"50132",-0.0350560358149467,1020
"50133",-0.021967775898913,1995
"50134",0.122814916139089,899
"50135",-0.0366979856679829,2012
"50136",0.0535167439438625,765
"50137",0.0230854662432642,1498
"50138",0.151088403327265,2242
"50139",-0.0468100136170761,1478
"50140",-0.0114035895718706,566
"50141",-0.0494676721883937,1162
"50142",-0.0495920471045904,669
"50143",0.228471549499545,664
"50144",-0.11799081955562,843
"50145",-0.0981717502135273,1563
"50146",-0.0727938872983934,357
"50147",0.199548755435654,490
"50148",0.0255587785324718,1112
"50149",0.199548755435654,490
"50150",-0.113606351612113,387
"50151",-0.0645194557445377,2123
"50152",-0.0850219990902852,911
"50153",-0.0463024915164593,1013
"50154",0.0278596731819063,1216
"50155",-0.0737573289336631,574
"50156",0.203185836474305,473
"50157",0.0406834660195612,3476
"50158",0.0734792252911737,739
"50159",0.122252963455761,1343
