"id","value","nword"
"54622",0.00502032525436523,993
"54623",-0.162421582361048,384
"54624",-0.131137819281527,514
"54625",-0.415446081913992,493
"54626",0.0493962710452127,703
"54627",-0.0150653028773185,1146
"54628",0.0288777728398874,229
"54629",0.0609522756230834,1349
"54630",0.0790226260523629,794
"54631",-0.0520712130217273,767
"54632",0.0544894042361808,862
"54633",-0.108164441108649,1155
"54634",0.0587844922535111,1288
"54635",0.0377349989889875,1076
"54636",0.0586325686240018,986
"54637",-0.052114523992084,1465
"54638",-0.173753480128668,894
"54639",0.0605984925597109,1767
"54640",0.0018646853515705,719
"54641",-0.0953876463655636,1718
"54642",0.114212044546112,1206
"54643",-0.030025380289656,1274
"54644",-0.0229476513053595,3238
"54645",0.0309475490202072,1452
"54646",0.134916755473641,2920
"54647",-0.165764233614593,1056
"54648",-0.153883282369959,823
"54649",0.015455309028978,298
"54650",0.0368259073592246,318
"54651",-0.163504376043107,976
"54652",-0.167817784061345,584
"54653",0.0137325013892442,715
"54654",-0.0337518763275338,604
"54655",-0.0565215604959281,447
"54656",-0.0435844561989871,1462
"54657",-0.00336645064149358,893
"54658",0.102321532772084,1511
"54659",-0.00826332572777652,192
"54660",-0.063038518324599,1398
"54661",-0.171560714285714,784
